fotograma,tipo_oggetto,confianza,identificador_tracking,x1,y1,x2,y2,matr√≠cula_en_su_caso,confianza_matricula,mx1,my1,mx2,my2,texto_matricula
1,car,0.81,car_-1,417,212,640,421,si,0.00,497,317,575,343,
1,person,0.77,person_-1,750,201,796,360,no,0,0,0,0,0,
1,person,0.76,person_-1,620,197,673,356,no,0,0,0,0,0,
1,person,0.69,person_-1,689,196,742,362,no,0,0,0,0,0,
2,car,0.80,car_1,417,212,641,421,si,1.00,496,316,575,343,HC
2,person,0.73,person_3,749,201,796,360,no,0,0,0,0,0,
2,person,0.76,person_4,619,196,672,355,no,0,0,0,0,0,
2,person,0.69,person_5,688,196,741,361,no,0,0,0,0,0,
3,car,0.78,car_1,417,212,641,420,si,1.00,496,316,576,343,HC
3,person,0.74,person_3,747,201,796,360,no,0,0,0,0,0,
3,person,0.76,person_4,619,197,672,353,no,0,0,0,0,0,
3,person,0.68,person_5,687,195,739,361,no,0,0,0,0,0,
4,car,0.77,car_1,417,214,640,421,si,0.50,496,316,576,343,HC
4,person,0.71,person_3,745,201,795,360,no,0,0,0,0,0,
4,person,0.72,person_4,616,199,671,353,no,0,0,0,0,0,
4,person,0.67,person_5,686,195,737,361,no,0,0,0,0,0,
5,car,0.78,car_1,417,215,642,421,si,0.67,496,317,576,344,W
5,person,0.71,person_3,743,201,792,360,no,0,0,0,0,0,
5,person,0.71,person_4,615,200,670,354,no,0,0,0,0,0,
5,person,0.60,person_5,687,197,734,360,no,0,0,0,0,0,
6,car,0.78,car_1,417,214,644,421,si,0.50,496,317,575,344,W
6,person,0.72,person_3,741,200,792,359,no,0,0,0,0,0,
6,person,0.73,person_4,614,199,669,353,no,0,0,0,0,0,
6,person,0.66,person_5,687,195,733,360,no,0,0,0,0,0,
7,car,0.78,car_1,415,214,635,421,si,0.40,496,317,575,344,W
7,person,0.74,person_3,740,200,791,359,no,0,0,0,0,0,
7,person,0.74,person_4,613,198,669,353,no,0,0,0,0,0,
7,person,0.66,person_5,687,193,733,359,no,0,0,0,0,0,
8,car,0.77,car_1,415,213,632,422,si,0.33,496,316,578,344,W
8,person,0.72,person_3,739,200,791,359,no,0,0,0,0,0,
8,person,0.73,person_4,612,198,669,352,no,0,0,0,0,0,
8,person,0.68,person_5,686,192,732,359,no,0,0,0,0,0,
9,car,0.77,car_1,415,213,632,422,si,0.29,496,316,578,345,W
9,person,0.77,person_3,738,200,791,358,no,0,0,0,0,0,
9,person,0.74,person_4,611,198,668,351,no,0,0,0,0,0,
9,person,0.68,person_5,686,192,731,359,no,0,0,0,0,0,
10,car,0.78,car_1,414,213,632,422,si,0.25,495,317,578,345,W
10,person,0.78,person_3,738,199,792,356,no,0,0,0,0,0,
10,person,0.75,person_4,612,199,668,350,no,0,0,0,0,0,
10,person,0.66,person_5,686,190,731,359,no,0,0,0,0,0,
11,car,0.76,car_1,414,212,632,422,si,0.22,495,317,578,345,W
11,person,0.80,person_3,738,199,792,355,no,0,0,0,0,0,
11,person,0.75,person_4,611,199,667,350,no,0,0,0,0,0,
11,person,0.63,person_5,685,190,730,358,no,0,0,0,0,0,
12,car,0.76,car_1,414,211,631,422,si,0.20,495,316,578,345,W
12,person,0.80,person_3,738,199,791,354,no,0,0,0,0,0,
12,person,0.75,person_4,611,200,666,350,no,0,0,0,0,0,
12,person,0.66,person_5,685,191,730,358,no,0,0,0,0,0,
13,car,0.79,car_1,414,210,633,422,si,0.27,495,316,579,345,W
13,person,0.79,person_3,737,199,791,353,no,0,0,0,0,0,
13,person,0.75,person_4,611,199,666,348,no,0,0,0,0,0,
13,person,0.68,person_5,685,194,730,358,no,0,0,0,0,0,
14,car,0.80,car_1,414,211,634,422,si,0.25,495,317,577,345,W
14,person,0.78,person_3,737,200,791,352,no,0,0,0,0,0,
14,person,0.71,person_4,612,200,667,349,no,0,0,0,0,0,
14,person,0.65,person_5,685,197,729,358,no,0,0,0,0,0,
15,car,0.80,car_1,414,211,637,422,si,0.23,495,317,577,345,W
15,person,0.80,person_3,736,200,791,352,no,0,0,0,0,0,
15,person,0.41,person_4,613,200,668,349,no,0,0,0,0,0,
15,person,0.64,person_5,685,196,727,355,no,0,0,0,0,0,
16,car,0.81,car_1,414,212,639,422,si,0.21,495,317,577,345,W
16,person,0.79,person_3,735,200,790,352,no,0,0,0,0,0,
16,person,0.64,person_5,684,197,727,357,no,0,0,0,0,0,
17,car,0.80,car_1,414,212,642,422,si,0.20,495,317,577,346,W
17,person,0.73,person_3,734,201,790,352,no,0,0,0,0,0,
17,person,0.65,person_5,685,198,727,355,no,0,0,0,0,0,
18,car,0.79,car_1,414,212,645,422,si,0.20,495,317,578,346,W
18,person,0.73,person_3,734,202,787,352,no,0,0,0,0,0,
18,person,0.65,person_5,684,199,727,358,no,0,0,0,0,0,
19,car,0.79,car_1,414,213,647,422,si,0.19,495,317,578,346,W
19,person,0.75,person_3,734,202,784,352,no,0,0,0,0,0,
19,person,0.63,person_5,684,198,727,357,no,0,0,0,0,0,
20,car,0.79,car_1,414,214,648,422,si,0.18,495,317,578,346,W
20,person,0.74,person_3,733,203,784,352,no,0,0,0,0,0,
20,person,0.63,person_5,684,198,727,357,no,0,0,0,0,0,
21,car,0.80,car_1,415,214,649,422,si,0.17,495,317,576,346,W
21,person,0.75,person_3,733,202,783,351,no,0,0,0,0,0,
21,person,0.61,person_5,685,198,727,356,no,0,0,0,0,0,
22,car,0.79,car_1,415,214,647,422,si,0.16,495,317,578,346,W
22,person,0.75,person_3,732,202,781,351,no,0,0,0,0,0,
22,person,0.62,person_5,685,197,727,355,no,0,0,0,0,0,
23,car,0.79,car_1,415,214,644,422,si,0.15,495,317,577,346,W
23,person,0.74,person_3,732,202,780,351,no,0,0,0,0,0,
23,person,0.62,person_5,685,197,727,353,no,0,0,0,0,0,
23,person,0.50,person_4,610,197,667,346,no,0,0,0,0,0,
24,car,0.79,car_1,417,213,646,423,si,0.14,495,317,576,346,W
24,person,0.75,person_3,731,201,778,349,no,0,0,0,0,0,
24,person,0.60,person_5,684,196,726,352,no,0,0,0,0,0,
24,person,0.52,person_4,610,196,667,346,no,0,0,0,0,0,
25,car,0.77,car_1,417,212,646,423,si,0.14,495,317,576,346,W
25,person,0.75,person_3,730,200,777,347,no,0,0,0,0,0,
25,person,0.62,person_5,685,195,726,351,no,0,0,0,0,0,
25,person,0.41,person_4,609,196,667,345,no,0,0,0,0,0,
26,car,0.77,car_1,418,211,647,423,si,0.13,496,317,576,346,W
26,person,0.74,person_3,730,199,776,345,no,0,0,0,0,0,
26,person,0.56,person_5,685,195,726,350,no,0,0,0,0,0,
27,car,0.78,car_1,416,211,645,423,si,0.12,496,317,577,347,W
27,person,0.73,person_3,730,198,776,343,no,0,0,0,0,0,
27,person,0.62,person_5,685,195,726,348,no,0,0,0,0,0,
28,car,0.76,car_1,418,210,645,423,si,0.12,496,317,578,348,W
28,person,0.74,person_3,729,198,776,343,no,0,0,0,0,0,
28,person,0.53,person_5,686,195,725,348,no,0,0,0,0,0,
29,car,0.77,car_1,417,210,640,423,si,0.12,496,317,577,348,W
29,person,0.76,person_3,728,198,775,343,no,0,0,0,0,0,
29,person,0.46,person_5,686,194,724,348,no,0,0,0,0,0,
30,car,0.78,car_1,416,210,638,422,si,0.12,496,317,577,348,W
30,person,0.77,person_3,728,197,773,344,no,0,0,0,0,0,
30,person,0.54,person_5,685,193,723,347,no,0,0,0,0,0,
31,car,0.76,car_1,416,210,638,423,si,0.12,497,317,580,348,W
31,person,0.76,person_3,728,197,772,345,no,0,0,0,0,0,
31,person,0.52,person_5,685,193,723,348,no,0,0,0,0,0,
32,car,0.77,car_1,418,210,643,423,si,0.12,497,317,588,348,W
32,person,0.74,person_3,727,197,771,346,no,0,0,0,0,0,
32,person,0.55,person_5,685,193,723,349,no,0,0,0,0,0,
33,car,0.79,car_1,418,211,646,423,si,0.11,498,317,588,348,W
33,person,0.73,person_3,727,198,771,346,no,0,0,0,0,0,
33,person,0.53,person_5,684,193,723,350,no,0,0,0,0,0,
34,car,0.78,car_1,418,211,646,423,si,0.11,497,317,583,348,W
34,person,0.71,person_3,727,199,770,344,no,0,0,0,0,0,
34,person,0.53,person_5,684,193,723,349,no,0,0,0,0,0,
34,person,0.40,person_4,609,196,666,345,no,0,0,0,0,0,
35,car,0.79,car_1,419,209,646,423,si,0.10,497,317,583,348,W
35,person,0.70,person_3,726,199,769,345,no,0,0,0,0,0,
35,person,0.49,person_5,683,193,722,348,no,0,0,0,0,0,
36,car,0.78,car_1,419,209,647,423,si,0.10,497,317,582,348,W
36,person,0.65,person_3,726,200,768,346,no,0,0,0,0,0,
36,person,0.48,person_5,684,194,722,349,no,0,0,0,0,0,
37,car,0.77,car_1,419,210,647,424,si,0.10,497,317,580,348,W
37,person,0.60,person_3,726,200,767,346,no,0,0,0,0,0,
37,person,0.44,person_5,684,195,722,349,no,0,0,0,0,0,
37,person,0.42,person_4,609,198,665,346,no,0,0,0,0,0,
38,car,0.79,car_1,419,212,648,424,si,0.10,497,317,581,348,W
38,person,0.61,person_3,726,201,766,346,no,0,0,0,0,0,
38,person,0.49,person_5,684,195,723,349,no,0,0,0,0,0,
39,car,0.78,car_1,419,212,649,424,si,0.10,497,317,579,348,W
39,person,0.62,person_3,726,202,765,346,no,0,0,0,0,0,
40,car,0.79,car_1,419,212,648,424,si,0.10,497,317,577,348,W
40,person,0.65,person_3,722,203,764,346,no,0,0,0,0,0,
41,car,0.78,car_1,419,213,648,423,si,0.09,496,317,577,348,W
41,person,0.66,person_3,722,202,763,348,no,0,0,0,0,0,
42,car,0.80,car_1,419,215,648,424,si,0.09,496,317,577,348,W
42,person,0.67,person_3,721,203,764,347,no,0,0,0,0,0,
43,car,0.80,car_1,418,215,648,424,si,0.09,496,317,576,348,W
43,person,0.72,person_3,720,202,763,348,no,0,0,0,0,0,
44,car,0.80,car_1,418,215,648,424,si,0.09,497,317,576,347,W
44,person,0.74,person_3,718,202,762,349,no,0,0,0,0,0,
45,car,0.80,car_1,418,214,648,425,si,0.08,497,317,576,347,W
45,person,0.74,person_3,718,202,763,348,no,0,0,0,0,0,
46,car,0.84,car_1,418,213,649,425,si,0.08,497,317,576,347,W
46,person,0.73,person_3,717,202,763,348,no,0,0,0,0,0,
47,car,0.85,car_1,418,214,651,425,si,0.08,497,317,576,347,W
47,car,0.46,car_6,262,211,321,241,no,0,0,0,0,0,
47,person,0.74,person_3,716,202,762,346,no,0,0,0,0,0,
48,car,0.84,car_1,418,214,652,425,si,0.08,497,317,576,347,W
48,car,0.45,car_6,263,211,321,241,no,0,0,0,0,0,
48,person,0.74,person_3,716,202,762,344,no,0,0,0,0,0,
49,car,0.83,car_1,418,213,650,425,si,0.08,497,317,576,347,W
49,person,0.73,person_3,716,202,762,343,no,0,0,0,0,0,
50,car,0.84,car_1,418,213,650,425,si,0.10,497,317,576,346,W
50,person,0.71,person_3,715,202,760,343,no,0,0,0,0,0,
50,person,0.49,person_5,685,202,719,344,no,0,0,0,0,0,
51,car,0.84,car_1,418,213,649,425,si,0.10,497,317,575,345,W
51,person,0.75,person_3,714,202,758,342,no,0,0,0,0,0,
52,car,0.84,car_1,418,213,647,426,si,0.10,497,317,575,345,W
52,person,0.74,person_3,714,202,757,341,no,0,0,0,0,0,
53,car,0.84,car_1,419,212,646,426,si,0.09,497,318,577,345,W
53,person,0.71,person_3,714,202,756,339,no,0,0,0,0,0,
54,car,0.84,car_1,420,212,646,426,si,0.09,497,318,576,345,W
54,person,0.70,person_3,714,202,756,338,no,0,0,0,0,0,
55,car,0.85,car_1,420,212,644,426,si,0.09,498,318,575,344,W
55,person,0.70,person_3,714,201,755,338,no,0,0,0,0,0,
56,car,0.85,car_1,420,212,644,426,si,0.09,499,318,576,345,W
56,person,0.70,person_3,714,201,755,339,no,0,0,0,0,0,
57,car,0.85,car_1,421,212,644,426,si,0.09,499,318,577,345,W
57,person,0.63,person_3,714,201,754,341,no,0,0,0,0,0,
58,car,0.85,car_1,421,212,645,426,si,0.09,499,318,576,345,W
58,person,0.67,person_3,714,201,753,340,no,0,0,0,0,0,
59,car,0.85,car_1,420,213,646,426,si,0.08,499,318,576,345,W
59,person,0.70,person_3,713,201,753,340,no,0,0,0,0,0,
60,car,0.86,car_1,419,215,647,425,si,0.08,499,318,576,345,W
60,person,0.74,person_3,712,200,753,339,no,0,0,0,0,0,
61,car,0.86,car_1,419,216,648,425,si,0.08,499,318,576,345,W
61,person,0.71,person_3,713,201,753,338,no,0,0,0,0,0,
62,car,0.87,car_1,418,217,648,425,si,0.08,499,318,576,346,W
62,person,0.71,person_3,713,201,752,336,no,0,0,0,0,0,
63,car,0.86,car_1,418,218,649,425,si,0.08,499,317,576,346,W
63,car,0.43,car_8,327,217,366,236,no,0,0,0,0,0,
63,person,0.70,person_3,712,201,750,334,no,0,0,0,0,0,
64,car,0.87,car_1,418,220,649,425,si,0.08,499,318,577,346,W
64,person,0.69,person_3,711,201,750,333,no,0,0,0,0,0,
65,car,0.88,car_1,419,220,649,425,si,0.08,500,317,578,347,W
65,person,0.66,person_3,712,200,749,332,no,0,0,0,0,0,
66,car,0.88,car_1,419,220,649,425,si,0.08,500,318,577,347,W
66,person,0.64,person_3,712,200,749,331,no,0,0,0,0,0,
67,car,0.88,car_1,419,220,649,425,si,0.08,501,318,576,347,W
67,person,0.66,person_3,710,201,748,330,no,0,0,0,0,0,
68,car,0.88,car_1,418,220,649,424,si,0.07,502,318,577,347,W
68,person,0.60,person_3,709,201,747,330,no,0,0,0,0,0,
69,car,0.88,car_1,417,219,649,424,si,0.07,502,318,577,347,W
69,person,0.49,person_3,707,200,746,330,no,0,0,0,0,0,
70,car,0.88,car_1,416,219,650,424,si,0.07,502,318,577,347,W
70,person,0.45,person_3,706,198,741,327,no,0,0,0,0,0,
71,car,0.88,car_1,416,218,650,425,si,0.07,502,318,577,347,W
71,person,0.53,person_3,695,200,738,326,no,0,0,0,0,0,
72,car,0.88,car_1,417,219,650,425,si,0.07,502,318,578,347,W
72,person,0.44,person_3,701,198,738,326,no,0,0,0,0,0,
73,car,0.88,car_1,417,219,650,425,si,0.07,502,318,578,347,W
73,person,0.53,person_3,694,199,737,328,no,0,0,0,0,0,
74,car,0.88,car_1,418,217,650,425,si,0.07,502,318,578,347,W
74,person,0.69,person_3,691,200,735,331,no,0,0,0,0,0,
75,car,0.88,car_1,418,217,650,425,si,0.07,502,318,578,348,W
75,person,0.69,person_3,690,200,734,331,no,0,0,0,0,0,
76,car,0.88,car_1,419,217,650,425,si,0.07,500,318,578,347,W
76,person,0.70,person_3,689,200,733,331,no,0,0,0,0,0,
77,car,0.88,car_1,419,216,651,425,si,0.07,501,318,578,347,W
77,person,0.72,person_3,689,201,732,331,no,0,0,0,0,0,
78,car,0.88,car_1,418,216,651,425,si,0.06,501,319,579,347,W
78,person,0.74,person_3,689,201,731,331,no,0,0,0,0,0,
79,car,0.88,car_1,418,215,651,425,si,0.08,502,319,579,347,W
79,person,0.74,person_3,689,200,730,332,no,0,0,0,0,0,
80,car,0.88,car_1,417,215,651,425,si,0.08,502,319,579,347,W
80,person,0.72,person_3,689,200,730,332,no,0,0,0,0,0,
81,car,0.88,car_1,416,215,651,425,si,0.09,502,319,581,347,W
81,person,0.73,person_3,690,200,730,332,no,0,0,0,0,0,
82,car,0.89,car_1,415,217,652,425,si,0.09,503,319,580,347,W
82,person,0.68,person_3,690,199,731,331,no,0,0,0,0,0,
83,car,0.90,car_1,415,215,652,425,si,0.09,503,319,580,347,W
83,person,0.70,person_3,691,199,731,330,no,0,0,0,0,0,
84,car,0.90,car_1,415,215,652,425,si,0.09,503,319,580,347,W
84,person,0.74,person_3,691,199,731,332,no,0,0,0,0,0,
85,car,0.90,car_1,415,216,652,425,si,0.09,504,320,579,347,W
85,person,0.74,person_3,692,199,731,331,no,0,0,0,0,0,
86,car,0.89,car_1,416,214,653,425,si,0.09,505,320,579,346,W
86,person,0.75,person_3,692,200,732,331,no,0,0,0,0,0,
87,car,0.89,car_1,418,214,653,425,si,0.08,505,320,580,347,W
87,person,0.75,person_3,692,200,732,330,no,0,0,0,0,0,
88,car,0.90,car_1,418,215,654,425,si,0.08,504,320,579,347,W
88,person,0.66,person_3,692,200,732,328,no,0,0,0,0,0,
89,car,0.90,car_1,419,216,654,425,si,0.08,504,320,579,347,W
89,person,0.67,person_3,692,200,732,328,no,0,0,0,0,0,
90,car,0.90,car_1,420,218,654,425,si,0.08,504,320,578,347,W
90,person,0.66,person_3,693,200,732,327,no,0,0,0,0,0,
91,car,0.90,car_1,420,219,653,425,si,0.08,504,319,578,347,W
91,person,0.69,person_3,692,199,732,327,no,0,0,0,0,0,
92,car,0.90,car_1,420,219,653,425,si,0.08,504,319,578,348,W
92,person,0.71,person_3,692,200,732,328,no,0,0,0,0,0,
93,car,0.90,car_1,420,220,653,425,si,0.09,504,319,578,348,W
93,person,0.73,person_3,693,200,732,328,no,0,0,0,0,0,
94,car,0.90,car_1,420,219,654,425,si,0.09,504,319,578,348,W
94,person,0.75,person_3,693,200,733,328,no,0,0,0,0,0,
95,car,0.90,car_1,421,219,654,425,si,0.09,505,319,579,348,W
95,person,0.75,person_3,693,201,733,329,no,0,0,0,0,0,
96,car,0.89,car_1,421,219,654,425,si,0.09,505,319,580,348,W
96,person,0.74,person_3,693,201,732,329,no,0,0,0,0,0,
97,car,0.90,car_1,422,218,654,425,si,0.09,505,319,579,347,W
97,person,0.76,person_3,693,201,732,328,no,0,0,0,0,0,
98,car,0.89,car_1,422,220,654,425,si,0.09,505,319,578,347,W
98,person,0.74,person_3,693,201,732,328,no,0,0,0,0,0,
99,car,0.90,car_1,423,221,654,425,si,0.09,505,319,578,347,W
99,person,0.75,person_3,693,202,732,328,no,0,0,0,0,0,
100,car,0.90,car_1,424,221,654,425,si,0.09,505,319,578,347,W
100,person,0.74,person_3,693,202,732,328,no,0,0,0,0,0,
100,person,0.47,person_10,653,200,691,326,no,0,0,0,0,0,
101,car,0.89,car_1,424,221,654,425,si,0.09,505,319,579,347,W
101,person,0.73,person_3,693,203,732,327,no,0,0,0,0,0,
101,person,0.51,person_10,652,200,691,326,no,0,0,0,0,0,
102,car,0.89,car_1,423,222,655,426,si,0.08,506,319,579,347,W
102,person,0.74,person_3,693,202,731,327,no,0,0,0,0,0,
102,person,0.56,person_10,652,199,691,326,no,0,0,0,0,0,
103,car,0.89,car_1,423,220,655,426,si,0.08,506,319,582,347,W
103,person,0.73,person_3,694,202,731,327,no,0,0,0,0,0,
103,person,0.60,person_10,651,198,691,326,no,0,0,0,0,0,
104,car,0.89,car_1,424,219,655,425,si,0.08,505,319,582,347,W
104,person,0.74,person_3,694,202,730,328,no,0,0,0,0,0,
104,person,0.61,person_10,651,198,691,327,no,0,0,0,0,0,
105,car,0.89,car_1,425,219,655,425,si,0.08,505,319,583,348,W
105,person,0.72,person_3,694,201,730,327,no,0,0,0,0,0,
105,person,0.61,person_10,651,198,691,327,no,0,0,0,0,0,
106,car,0.88,car_1,426,221,655,425,si,0.08,505,319,583,348,W
106,person,0.75,person_3,694,202,730,328,no,0,0,0,0,0,
106,person,0.61,person_10,650,198,691,327,no,0,0,0,0,0,
107,car,0.88,car_1,425,221,655,425,si,0.08,505,319,584,348,W
107,person,0.74,person_3,694,202,730,328,no,0,0,0,0,0,
107,person,0.61,person_10,650,198,691,327,no,0,0,0,0,0,
108,car,0.88,car_1,426,221,655,425,si,0.08,505,318,583,348,W
108,person,0.74,person_3,694,203,729,327,no,0,0,0,0,0,
108,person,0.61,person_10,649,199,691,326,no,0,0,0,0,0,
109,car,0.88,car_1,427,221,655,425,si,0.08,505,319,583,348,W
109,person,0.69,person_3,695,202,729,324,no,0,0,0,0,0,
109,person,0.61,person_10,649,198,692,324,no,0,0,0,0,0,
110,car,0.88,car_1,428,221,655,425,si,0.08,505,318,584,347,W
110,person,0.68,person_3,695,202,728,322,no,0,0,0,0,0,
110,person,0.61,person_10,649,198,692,324,no,0,0,0,0,0,
111,car,0.88,car_1,428,221,655,424,si,0.08,505,318,583,347,W
111,person,0.67,person_3,695,202,728,321,no,0,0,0,0,0,
111,person,0.59,person_10,649,198,691,324,no,0,0,0,0,0,
112,car,0.88,car_1,428,220,655,424,si,0.08,505,318,584,347,W
112,person,0.63,person_3,696,202,727,320,no,0,0,0,0,0,
112,person,0.57,person_10,650,198,691,324,no,0,0,0,0,0,
113,car,0.88,car_1,428,220,655,424,si,0.08,505,318,584,347,W
113,person,0.62,person_3,696,201,727,319,no,0,0,0,0,0,
113,person,0.58,person_10,650,198,692,324,no,0,0,0,0,0,
114,car,0.88,car_1,428,221,655,424,si,0.08,505,318,584,347,W
114,person,0.60,person_3,696,201,726,320,no,0,0,0,0,0,
114,person,0.60,person_10,650,198,691,322,no,0,0,0,0,0,
115,car,0.88,car_1,428,221,654,425,si,0.08,505,318,584,347,W
115,person,0.61,person_3,696,201,726,320,no,0,0,0,0,0,
115,person,0.61,person_10,650,197,691,321,no,0,0,0,0,0,
116,car,0.88,car_1,428,220,654,425,si,0.09,505,318,584,346,W
116,person,0.56,person_3,693,201,725,320,no,0,0,0,0,0,
116,person,0.64,person_10,650,197,691,321,no,0,0,0,0,0,
117,car,0.88,car_1,429,221,654,425,si,0.08,506,318,585,346,W
117,person,0.47,person_3,691,201,725,321,no,0,0,0,0,0,
117,person,0.60,person_10,651,196,691,321,no,0,0,0,0,0,
118,car,0.87,car_1,429,221,654,425,si,0.08,506,318,587,346,W
118,person,0.63,person_10,652,194,689,322,no,0,0,0,0,0,
119,car,0.88,car_1,430,221,654,425,si,0.08,506,318,586,346,W
119,person,0.62,person_10,652,193,688,321,no,0,0,0,0,0,
120,car,0.88,car_1,431,221,655,425,si,0.08,506,318,586,346,W
120,person,0.59,person_10,652,192,688,321,no,0,0,0,0,0,
121,car,0.88,car_1,431,220,655,425,si,0.08,506,318,587,346,W
121,person,0.58,person_10,652,191,688,321,no,0,0,0,0,0,
121,person,0.48,person_3,688,203,721,324,no,0,0,0,0,0,
122,car,0.88,car_1,432,219,655,425,si,0.08,507,318,587,346,W
122,person,0.63,person_10,652,191,688,320,no,0,0,0,0,0,
122,person,0.47,person_3,688,203,720,323,no,0,0,0,0,0,
123,car,0.88,car_1,433,218,656,425,si,0.08,507,318,586,346,W
123,person,0.67,person_10,651,192,688,319,no,0,0,0,0,0,
123,person,0.45,person_3,688,203,720,322,no,0,0,0,0,0,
124,car,0.88,car_1,435,219,656,425,si,0.08,507,318,588,346,W
124,person,0.69,person_10,651,193,689,319,no,0,0,0,0,0,
125,car,0.89,car_1,435,217,657,425,si,0.08,507,318,588,346,W
125,person,0.65,person_10,651,193,689,318,no,0,0,0,0,0,
126,car,0.89,car_1,435,216,657,425,si,0.08,507,318,589,346,W
126,person,0.65,person_10,651,193,689,319,no,0,0,0,0,0,
127,car,0.89,car_1,435,216,657,425,si,0.08,507,318,594,346,W
127,person,0.66,person_10,651,194,689,319,no,0,0,0,0,0,
128,car,0.89,car_1,435,217,657,425,si,0.08,507,318,590,347,W
128,person,0.63,person_10,651,194,689,319,no,0,0,0,0,0,
129,car,0.88,car_1,436,216,657,425,si,0.07,507,318,592,347,W
129,person,0.65,person_10,651,193,688,319,no,0,0,0,0,0,
130,car,0.89,car_1,437,217,657,425,si,0.07,508,318,589,347,W
130,person,0.59,person_10,649,195,688,320,no,0,0,0,0,0,
131,car,0.89,car_1,438,217,657,425,si,0.07,508,318,588,347,W
131,person,0.54,person_10,648,195,688,320,no,0,0,0,0,0,
132,car,0.88,car_1,438,217,657,425,si,0.07,509,318,587,347,W
132,person,0.68,person_10,649,195,688,319,no,0,0,0,0,0,
133,car,0.88,car_1,438,218,657,425,si,0.07,509,318,587,347,W
133,person,0.66,person_10,649,195,687,319,no,0,0,0,0,0,
134,car,0.89,car_1,439,217,657,425,si,0.07,509,318,589,348,W
134,person,0.60,person_10,650,196,687,318,no,0,0,0,0,0,
135,car,0.89,car_1,439,217,658,425,si,0.07,509,318,589,348,W
135,person,0.66,person_10,649,196,687,318,no,0,0,0,0,0,
136,car,0.89,car_1,439,217,658,425,si,0.07,509,318,587,348,W
136,person,0.67,person_10,648,196,686,318,no,0,0,0,0,0,
137,car,0.89,car_1,439,217,658,425,si,0.07,510,319,585,347,W
137,person,0.66,person_10,647,198,685,318,no,0,0,0,0,0,
138,car,0.89,car_1,439,218,658,425,si,0.07,510,319,585,348,W
138,person,0.69,person_10,646,199,685,318,no,0,0,0,0,0,
139,car,0.89,car_1,439,219,658,426,si,0.07,510,319,585,348,W
139,person,0.72,person_10,646,197,685,318,no,0,0,0,0,0,
140,car,0.89,car_1,439,219,658,426,si,0.07,510,319,588,347,W
140,person,0.69,person_10,647,196,685,318,no,0,0,0,0,0,
141,car,0.89,car_1,439,219,658,426,si,0.07,509,319,587,347,W
141,person,0.67,person_10,647,194,686,317,no,0,0,0,0,0,
142,car,0.89,car_1,440,219,658,425,si,0.08,509,319,587,347,W
142,person,0.68,person_10,647,193,686,316,no,0,0,0,0,0,
143,car,0.89,car_1,440,220,658,425,si,0.08,510,319,585,347,W
143,person,0.68,person_10,646,192,686,316,no,0,0,0,0,0,
144,car,0.89,car_1,439,219,658,426,si,0.08,510,319,585,348,W
144,person,0.67,person_10,645,191,685,315,no,0,0,0,0,0,
145,car,0.88,car_1,439,219,658,426,si,0.08,510,319,585,348,W
145,person,0.54,person_10,644,190,685,315,no,0,0,0,0,0,
146,car,0.89,car_1,440,220,658,426,si,0.08,510,319,585,348,W
146,person,0.55,person_10,643,190,684,315,no,0,0,0,0,0,
146,person,0.43,person_3,688,206,720,320,no,0,0,0,0,0,
147,car,0.89,car_1,440,220,658,427,si,0.08,510,319,585,348,W
147,car,0.48,car_14,0,205,125,463,no,0,0,0,0,0,
147,person,0.58,person_10,641,191,684,315,no,0,0,0,0,0,
147,person,0.56,person_3,688,206,720,319,no,0,0,0,0,0,
148,car,0.89,car_1,440,220,658,427,si,0.08,510,319,585,348,W
148,car,0.48,car_14,0,196,133,463,no,0,0,0,0,0,
148,person,0.61,person_10,640,192,684,315,no,0,0,0,0,0,
148,person,0.51,person_3,688,206,720,319,no,0,0,0,0,0,
149,car,0.89,car_1,441,220,658,426,si,0.07,511,320,585,347,W
149,car,0.45,car_14,0,194,142,463,no,0,0,0,0,0,
149,person,0.66,person_10,638,192,683,315,no,0,0,0,0,0,
150,car,0.89,car_1,441,220,658,426,si,0.07,511,320,585,347,W
150,car,0.49,car_14,0,197,150,462,no,0,0,0,0,0,
150,person,0.63,person_10,637,193,683,315,no,0,0,0,0,0,
151,car,0.89,car_1,441,220,658,426,si,0.07,511,320,585,347,W
151,car,0.54,car_14,0,198,157,463,no,0,0,0,0,0,
151,person,0.63,person_10,637,194,683,314,no,0,0,0,0,0,
152,car,0.90,car_1,441,220,658,426,si,0.07,511,320,585,348,W
152,car,0.44,car_14,0,199,166,463,no,0,0,0,0,0,
152,person,0.61,person_10,637,196,682,313,no,0,0,0,0,0,
153,car,0.89,car_1,441,220,658,426,si,0.07,511,320,585,348,W
153,person,0.59,person_10,637,196,682,312,no,0,0,0,0,0,
154,car,0.90,car_1,441,220,658,427,si,0.07,512,320,585,348,W
154,person,0.61,person_10,637,196,682,312,no,0,0,0,0,0,
155,car,0.90,car_1,441,220,658,427,si,0.07,512,320,585,347,W
155,person,0.53,person_10,637,198,682,312,no,0,0,0,0,0,
156,car,0.90,car_1,441,220,658,427,si,0.07,512,320,585,347,W
156,person,0.52,person_10,637,199,681,311,no,0,0,0,0,0,
157,car,0.90,car_1,441,220,658,427,si,0.07,512,320,585,347,W
157,person,0.53,person_10,636,200,682,311,no,0,0,0,0,0,
158,car,0.90,car_1,441,220,658,427,si,0.07,512,319,585,347,W
158,person,0.54,person_10,636,201,681,311,no,0,0,0,0,0,
159,car,0.90,car_1,441,220,658,427,si,0.07,512,319,585,347,W
159,person,0.55,person_10,636,200,680,313,no,0,0,0,0,0,
160,car,0.90,car_1,441,220,658,427,si,0.07,512,319,585,347,W
160,person,0.54,person_10,636,201,679,313,no,0,0,0,0,0,
161,car,0.90,car_1,441,220,658,427,si,0.07,512,319,585,347,W
161,person,0.52,person_10,636,200,678,312,no,0,0,0,0,0,
162,car,0.90,car_1,441,220,658,427,si,0.07,512,319,585,347,W
163,car,0.90,car_1,441,220,658,427,si,0.07,512,319,585,347,W
164,car,0.90,car_1,441,219,658,427,si,0.07,512,320,585,347,W
165,car,0.90,car_1,441,218,658,427,si,0.07,512,320,585,347,W
166,car,0.90,car_1,441,218,659,427,si,0.07,512,320,585,347,W
166,car,0.59,car_14,1,191,237,451,no,0,0,0,0,0,
167,car,0.90,car_1,442,217,659,426,si,0.08,511,320,585,347,W
168,car,0.90,car_1,442,218,659,426,si,0.08,512,320,585,347,W
169,car,0.90,car_1,442,218,659,426,si,0.08,512,320,586,347,W
169,car,0.75,car_14,1,193,252,442,no,0,0,0,0,0,
170,car,0.90,car_1,442,218,659,427,si,0.08,512,319,586,347,W
170,car,0.77,car_14,1,193,259,437,no,0,0,0,0,0,
171,car,0.90,car_1,442,218,659,427,si,0.08,512,319,586,347,W
171,car,0.84,car_14,1,196,262,437,no,0,0,0,0,0,
172,car,0.91,car_1,442,218,659,427,si,0.08,513,319,585,347,W
172,car,0.84,car_14,1,198,266,439,no,0,0,0,0,0,
173,car,0.91,car_1,442,219,658,427,si,0.07,513,320,586,347,W
173,car,0.84,car_14,1,198,269,440,no,0,0,0,0,0,
174,car,0.91,car_1,442,219,658,428,si,0.07,514,320,586,347,W
174,car,0.83,car_14,0,198,272,439,no,0,0,0,0,0,
175,car,0.90,car_1,442,220,658,427,si,0.07,515,320,586,347,W
175,car,0.87,car_14,0,195,277,438,no,0,0,0,0,0,
176,car,0.90,car_1,442,220,658,428,si,0.07,514,320,586,347,W
176,car,0.86,car_14,0,199,280,435,no,0,0,0,0,0,
177,car,0.90,car_1,442,220,658,427,si,0.07,515,320,586,347,W
177,car,0.86,car_14,0,201,283,435,no,0,0,0,0,0,
178,car,0.90,car_1,442,220,658,427,si,0.07,515,320,586,347,W
178,car,0.79,car_14,0,202,288,433,no,0,0,0,0,0,
179,car,0.89,car_1,441,220,658,427,si,0.07,515,319,586,347,W
179,car,0.88,car_14,0,202,289,432,no,0,0,0,0,0,
180,car,0.89,car_1,441,221,658,427,si,0.07,514,319,586,347,W
180,car,0.88,car_14,0,202,294,431,no,0,0,0,0,0,
181,car,0.89,car_1,441,221,658,427,si,0.07,515,319,586,347,W
181,car,0.88,car_14,0,202,299,427,no,0,0,0,0,0,
182,car,0.89,car_1,441,221,658,427,si,0.07,514,319,586,347,W
182,car,0.87,car_14,0,203,302,422,si,1.00,3,314,65,333,39214N
183,car,0.88,car_1,441,221,658,427,si,0.07,514,319,586,347,W
183,car,0.83,car_14,2,203,306,417,si,0.50,15,311,74,331,39214N
183,person,0.45,person_10,640,197,677,316,no,0,0,0,0,0,
184,car,0.89,car_1,441,221,658,426,si,0.07,514,319,586,347,W
184,car,0.88,car_14,2,203,310,412,si,0.33,29,308,83,328,39214N
184,person,0.53,person_10,640,196,677,315,no,0,0,0,0,0,
185,car,0.89,car_1,441,221,658,426,si,0.07,514,319,587,347,W
185,car,0.89,car_14,3,204,313,409,si,0.25,41,306,90,324,39214N
185,person,0.65,person_10,639,195,676,315,no,0,0,0,0,0,
186,car,0.89,car_1,441,221,658,427,si,0.07,514,319,587,347,W
186,car,0.91,car_14,5,203,315,405,si,0.25,51,304,101,321,39214N
186,person,0.67,person_10,640,195,674,313,no,0,0,0,0,0,
187,car,0.89,car_1,441,221,658,427,si,0.07,514,319,587,348,W
187,car,0.92,car_14,8,206,320,401,si,0.25,61,302,106,319,39214N
187,person,0.64,person_10,640,195,673,312,no,0,0,0,0,0,
187,person,0.66,person_19,674,202,700,309,no,0,0,0,0,0,
188,car,0.89,car_1,441,221,658,426,si,0.07,514,319,587,348,W
188,car,0.92,car_14,15,206,323,399,si,0.25,67,300,115,317,39214N
188,person,0.58,person_10,639,194,673,311,no,0,0,0,0,0,
188,person,0.63,person_19,673,201,699,309,no,0,0,0,0,0,
189,car,0.88,car_1,441,220,659,426,si,0.07,514,319,587,348,W
189,car,0.93,car_14,27,206,324,396,si,0.25,75,297,127,316,39214N
189,person,0.58,person_10,640,194,673,310,no,0,0,0,0,0,
189,person,0.59,person_19,673,201,700,309,no,0,0,0,0,0,
190,car,0.89,car_1,441,220,659,426,si,0.08,514,319,587,348,W
190,car,0.92,car_14,34,206,325,394,si,0.20,83,296,133,314,39214N
190,person,0.54,person_10,640,195,673,310,no,0,0,0,0,0,
190,person,0.61,person_19,673,201,699,309,no,0,0,0,0,0,
191,car,0.89,car_1,441,220,659,426,si,0.08,513,319,587,348,W
191,car,0.92,car_14,37,202,328,390,si,0.17,92,294,145,312,39214N
191,person,0.58,person_10,640,195,674,310,no,0,0,0,0,0,
191,person,0.58,person_19,674,202,700,309,no,0,0,0,0,0,
192,car,0.89,car_1,441,220,659,427,si,0.09,514,319,587,348,W
192,car,0.93,car_14,46,200,331,387,si,0.17,99,293,150,311,39214N
192,person,0.59,person_10,641,195,674,310,no,0,0,0,0,0,
192,person,0.42,person_19,675,201,699,308,no,0,0,0,0,0,
193,car,0.89,car_1,442,220,659,427,si,0.09,514,319,588,347,W
193,car,0.94,car_14,58,200,335,385,si,0.14,108,292,158,309,39214N
193,person,0.64,person_10,641,194,674,310,no,0,0,0,0,0,
193,person,0.59,person_19,674,200,699,307,no,0,0,0,0,0,
194,car,0.89,car_1,441,220,659,427,si,0.09,514,319,587,348,W
194,car,0.93,car_14,67,202,340,384,si,0.14,117,291,163,308,39214N
194,person,0.63,person_10,641,195,674,310,no,0,0,0,0,0,
194,person,0.58,person_19,674,200,699,306,no,0,0,0,0,0,
195,car,0.89,car_1,441,220,659,427,si,0.09,514,318,587,348,W
195,car,0.90,car_14,77,202,345,382,si,0.12,124,290,172,307,39214N
195,person,0.62,person_10,640,195,674,311,no,0,0,0,0,0,
195,person,0.57,person_19,674,199,699,306,no,0,0,0,0,0,
196,car,0.90,car_1,441,220,659,427,si,0.09,513,319,587,347,W
196,car,0.90,car_14,90,200,348,380,si,0.12,132,288,175,304,39214N
196,person,0.61,person_10,640,194,674,310,no,0,0,0,0,0,
196,person,0.56,person_19,674,199,699,306,no,0,0,0,0,0,
197,car,0.90,car_1,441,220,659,428,si,0.09,514,319,587,347,W
197,car,0.90,car_14,93,199,350,379,si,0.12,139,286,184,303,39214N
197,person,0.59,person_10,639,195,673,310,no,0,0,0,0,0,
197,person,0.49,person_19,673,199,699,306,no,0,0,0,0,0,
198,car,0.90,car_1,441,220,659,428,si,0.09,513,319,587,347,W
198,car,0.91,car_14,99,199,352,377,si,0.12,144,285,191,301,39214N
198,person,0.59,person_10,638,196,673,311,no,0,0,0,0,0,
199,car,0.90,car_1,441,220,659,428,si,0.09,513,319,587,347,W
199,car,0.90,car_14,106,201,353,374,si,0.12,150,284,196,301,39214N
199,person,0.59,person_10,640,196,674,310,no,0,0,0,0,0,
200,car,0.90,car_1,441,220,659,428,si,0.09,513,320,587,347,W
200,car,0.90,car_14,113,202,354,369,si,0.11,158,283,203,300,39214N
200,person,0.57,person_10,640,197,674,310,no,0,0,0,0,0,
200,person,0.41,person_19,673,201,698,306,no,0,0,0,0,0,
201,car,0.90,car_1,441,221,659,428,si,0.09,513,320,588,346,W
201,car,0.91,car_14,119,203,355,366,si,0.10,165,282,208,298,39214N
201,person,0.51,person_10,640,197,674,311,no,0,0,0,0,0,
202,car,0.90,car_1,441,221,659,428,si,0.09,512,320,588,347,W
202,car,0.90,car_14,127,203,356,362,si,0.09,170,282,214,297,39214N
202,person,0.54,person_10,640,197,674,309,no,0,0,0,0,0,
203,car,0.90,car_1,441,221,659,428,si,0.09,512,320,588,347,W
203,car,0.89,car_14,133,202,360,359,si,0.08,175,280,221,296,39214N
203,person,0.58,person_10,640,198,674,307,no,0,0,0,0,0,
204,car,0.90,car_1,441,220,659,428,si,0.09,512,320,590,347,W
204,car,0.89,car_14,142,201,363,355,no,0,0,0,0,0,
204,person,0.58,person_10,639,197,673,308,no,0,0,0,0,0,
204,person,0.41,person_19,673,201,698,305,no,0,0,0,0,0,
205,car,0.89,car_1,441,220,659,427,si,0.09,511,319,592,346,W
205,car,0.87,car_14,147,201,364,352,si,0.00,186,277,237,293,
205,person,0.60,person_10,640,197,673,306,no,0,0,0,0,0,
205,person,0.50,person_19,672,201,698,304,no,0,0,0,0,0,
206,car,0.89,car_1,441,220,659,427,si,0.09,512,318,593,346,W
206,car,0.86,car_14,151,201,367,351,si,0.00,191,275,239,292,
206,person,0.53,person_10,640,196,673,305,no,0,0,0,0,0,
206,person,0.51,person_19,672,200,698,305,no,0,0,0,0,0,
207,car,0.89,car_1,441,219,659,426,si,0.09,512,318,594,346,W
207,car,0.83,car_14,156,202,368,349,si,0.00,196,274,247,290,
207,person,0.50,person_10,640,196,672,304,no,0,0,0,0,0,
207,person,0.59,person_19,670,200,699,304,no,0,0,0,0,0,
208,car,0.89,car_1,441,219,659,426,si,0.09,512,318,595,346,W
208,car,0.82,car_14,162,201,376,348,si,1.00,197,272,253,290,9907KA
208,person,0.50,person_10,641,196,672,304,no,0,0,0,0,0,
208,person,0.57,person_19,670,200,699,304,no,0,0,0,0,0,
209,car,0.89,car_1,441,219,659,426,si,0.10,512,318,596,346,W
209,car,0.85,car_14,167,200,379,346,si,0.50,203,272,255,289,9907KA
209,person,0.49,person_10,641,196,672,304,no,0,0,0,0,0,
209,person,0.42,person_19,671,200,699,303,no,0,0,0,0,0,
210,car,0.89,car_1,441,219,659,427,si,0.10,512,318,595,346,W
210,car,0.84,car_14,176,199,378,344,si,0.50,209,272,258,288,9907KA
210,person,0.53,person_19,670,199,699,303,no,0,0,0,0,0,
211,car,0.89,car_1,441,219,659,427,si,0.10,512,318,595,346,W
211,car,0.86,car_14,179,199,378,340,no,0,0,0,0,0,
211,person,0.48,person_19,670,199,699,302,no,0,0,0,0,0,
212,car,0.89,car_1,441,219,659,427,si,0.10,511,319,594,346,W
212,car,0.87,car_14,181,199,380,339,no,0,0,0,0,0,
212,person,0.54,person_19,670,199,699,300,no,0,0,0,0,0,
213,car,0.89,car_1,440,219,660,427,si,0.10,511,319,595,346,W
213,car,0.87,car_14,183,200,381,338,no,0,0,0,0,0,
213,person,0.58,person_19,670,199,699,300,no,0,0,0,0,0,
214,car,0.89,car_1,440,218,660,427,si,0.09,511,318,594,346,W
214,car,0.88,car_14,187,200,382,337,si,0.00,228,267,270,283,
214,person,0.63,person_19,670,199,699,300,no,0,0,0,0,0,
215,car,0.89,car_1,440,217,659,427,si,0.09,511,318,599,346,W
215,car,0.83,car_14,194,200,382,335,si,1.00,232,266,275,282,P
215,person,0.58,person_19,671,199,699,300,no,0,0,0,0,0,
216,car,0.89,car_1,441,218,659,427,si,0.09,511,318,600,347,W
216,car,0.81,car_14,200,201,385,333,si,1.00,233,265,278,281,P
216,car,0.56,car_24,0,277,161,448,no,0,0,0,0,0,
216,person,0.54,person_19,671,199,699,302,no,0,0,0,0,0,
217,car,0.89,car_1,441,218,659,427,si,0.09,510,318,600,346,W
217,car,0.85,car_14,207,202,388,332,si,1.00,236,263,289,281,P
217,car,0.61,car_24,0,275,166,447,no,0,0,0,0,0,
217,person,0.59,person_19,671,199,699,303,no,0,0,0,0,0,
218,car,0.89,car_1,440,218,659,427,si,0.09,510,317,600,346,W
218,car,0.86,car_14,212,203,391,331,si,1.00,237,262,290,280,P
218,car,0.64,car_24,0,273,178,441,no,0,0,0,0,0,
218,person,0.59,person_19,671,199,699,303,no,0,0,0,0,0,
219,car,0.89,car_1,440,218,659,426,si,0.09,510,317,600,345,W
219,car,0.87,car_14,212,202,393,330,si,1.00,244,262,294,279,P
219,car,0.63,car_24,0,272,184,437,no,0,0,0,0,0,
219,person,0.64,person_19,671,199,699,302,no,0,0,0,0,0,
220,car,0.89,car_1,441,218,659,426,si,0.09,510,317,598,345,W
220,car,0.88,car_14,217,202,393,329,si,1.00,247,262,300,279,P
220,car,0.68,car_24,0,270,189,436,no,0,0,0,0,0,
220,person,0.57,person_19,671,199,699,300,no,0,0,0,0,0,
221,car,0.89,car_1,440,218,659,426,si,0.09,510,317,596,345,W
221,car,0.88,car_14,223,204,394,328,si,1.00,250,261,299,278,P
221,car,0.64,car_24,0,266,192,435,no,0,0,0,0,0,
221,person,0.54,person_19,672,199,698,296,no,0,0,0,0,0,
222,car,0.89,car_1,440,218,659,426,si,0.09,510,317,593,344,W
222,car,0.86,car_14,227,203,394,327,si,1.00,257,262,300,278,P
222,car,0.71,car_24,0,264,194,435,no,0,0,0,0,0,
222,person,0.45,person_19,672,199,698,297,no,0,0,0,0,0,
223,car,0.90,car_1,440,219,659,426,si,0.09,509,317,590,344,W
223,car,0.86,car_14,231,203,394,325,si,1.00,262,261,301,276,P
223,car,0.71,car_24,0,262,196,437,no,0,0,0,0,0,
224,car,0.89,car_1,440,219,659,426,si,0.09,509,317,588,344,W
224,car,0.78,car_14,234,203,394,320,no,0,0,0,0,0,
224,car,0.69,car_24,0,261,201,437,no,0,0,0,0,0,
225,car,0.89,car_1,439,219,659,426,si,0.10,509,317,589,344,W
225,car,0.84,car_14,238,204,370,319,si,1.00,269,260,306,274,T
225,car,0.78,car_24,0,260,205,450,no,0,0,0,0,0,
226,car,0.90,car_1,439,219,659,427,si,0.10,509,317,587,345,W
226,car,0.67,car_14,241,204,371,317,si,1.00,269,257,308,272,T
226,car,0.77,car_24,0,260,212,450,no,0,0,0,0,0,
227,car,0.90,car_1,439,218,659,427,si,0.10,510,317,586,345,W
227,car,0.66,car_14,244,204,363,317,si,1.00,276,256,316,271,T
227,car,0.82,car_24,0,258,221,444,no,0,0,0,0,0,
228,car,0.90,car_1,439,218,660,427,si,0.10,510,317,586,345,W
228,car,0.67,car_14,247,204,367,316,si,1.00,278,255,317,271,T
228,car,0.84,car_24,0,257,227,442,no,0,0,0,0,0,
229,car,0.90,car_1,439,218,660,426,si,0.10,510,317,587,345,W
229,car,0.61,car_14,250,201,389,315,si,1.00,279,255,320,271,T
229,car,0.86,car_24,0,257,229,443,no,0,0,0,0,0,
229,person,0.42,person_19,671,197,699,301,no,0,0,0,0,0,
230,car,0.90,car_1,440,218,660,426,si,0.10,511,317,587,345,W
230,car,0.66,car_14,252,202,390,314,no,0,0,0,0,0,
230,car,0.86,car_24,0,256,231,444,no,0,0,0,0,0,
230,person,0.52,person_19,671,198,699,300,no,0,0,0,0,0,
231,car,0.90,car_1,440,219,660,426,si,0.10,511,317,586,344,W
231,car,0.71,car_14,257,203,398,310,si,0.00,284,253,330,269,
231,car,0.86,car_24,0,255,234,439,no,0,0,0,0,0,
231,person,0.41,person_19,671,198,698,299,no,0,0,0,0,0,
232,car,0.90,car_1,440,219,660,426,si,0.10,511,317,586,344,W
232,car,0.77,car_14,260,204,403,308,si,1.00,286,252,335,268,OYA
232,car,0.87,car_24,0,254,237,437,no,0,0,0,0,0,
233,car,0.90,car_1,439,219,660,425,si,0.10,510,317,586,343,W
233,car,0.75,car_14,265,203,383,308,si,0.50,288,253,334,269,OYA
233,car,0.88,car_24,0,252,240,436,no,0,0,0,0,0,
234,car,0.89,car_1,439,219,660,425,si,0.10,509,317,588,344,W
234,car,0.64,car_14,269,203,395,306,si,0.50,294,253,336,268,OYA
234,car,0.89,car_24,0,250,245,435,no,0,0,0,0,0,
235,car,0.89,car_1,439,218,660,424,si,0.10,509,317,587,343,W
235,car,0.76,car_14,272,202,405,306,si,0.50,298,253,341,268,OYA
235,car,0.90,car_24,0,249,248,433,no,0,0,0,0,0,
236,car,0.89,car_1,439,218,660,424,si,0.10,509,317,586,343,W
236,car,0.77,car_14,276,203,408,305,no,0,0,0,0,0,
236,car,0.90,car_24,0,249,253,430,no,0,0,0,0,0,
237,car,0.89,car_1,439,218,660,425,si,0.10,509,317,587,343,W
237,car,0.78,car_14,279,202,411,305,si,1.00,307,252,344,266,TD
237,car,0.89,car_24,0,248,258,427,no,0,0,0,0,0,
238,car,0.89,car_1,439,218,660,425,si,0.10,509,317,588,343,W
238,car,0.77,car_14,283,203,412,304,si,1.00,307,251,345,265,TD
238,car,0.90,car_24,0,249,261,425,no,0,0,0,0,0,
239,car,0.90,car_1,438,217,659,425,si,0.09,508,317,586,343,W
239,car,0.73,car_14,286,203,413,300,no,0,0,0,0,0,
239,car,0.90,car_24,0,248,265,424,no,0,0,0,0,0,
240,car,0.89,car_1,437,217,659,425,si,0.09,508,316,587,343,W
240,car,0.66,car_14,288,202,397,297,no,0,0,0,0,0,
240,car,0.90,car_24,0,247,268,422,si,0.00,0,327,42,350,
241,car,0.89,car_1,438,218,659,425,si,0.09,508,317,588,344,W
241,car,0.77,car_14,290,203,405,295,no,0,0,0,0,0,
241,car,0.90,car_24,0,246,268,414,si,0.00,0,324,50,346,
242,car,0.89,car_1,438,216,659,425,si,0.09,508,316,590,345,W
242,car,0.81,car_14,292,202,407,294,no,0,0,0,0,0,
242,car,0.90,car_24,0,245,270,410,si,0.00,2,323,57,342,
243,car,0.89,car_1,437,215,659,425,si,0.09,507,317,590,344,W
243,car,0.81,car_14,294,202,395,294,no,0,0,0,0,0,
243,car,0.89,car_24,0,243,275,407,si,0.00,7,320,66,340,
244,car,0.89,car_1,437,214,659,425,si,0.09,507,317,588,344,W
244,car,0.83,car_14,296,202,387,295,no,0,0,0,0,0,
244,car,0.89,car_24,0,244,278,402,si,0.00,15,317,74,338,
245,car,0.89,car_1,437,214,659,426,si,0.09,508,317,597,344,W
245,car,0.83,car_14,299,203,387,295,no,0,0,0,0,0,
245,car,0.89,car_24,0,245,280,400,si,0.00,26,315,84,335,
246,car,0.89,car_1,437,214,659,425,si,0.09,508,317,592,344,W
246,car,0.83,car_14,302,203,390,295,no,0,0,0,0,0,
246,car,0.89,car_24,0,244,282,396,si,0.00,35,314,93,333,
247,car,0.89,car_1,437,214,659,425,si,0.10,508,317,588,343,W
247,car,0.82,car_14,302,201,391,295,no,0,0,0,0,0,
247,car,0.89,car_24,2,243,284,394,si,0.00,43,312,100,331,
248,car,0.89,car_1,436,213,659,425,si,0.10,508,317,585,342,W
248,car,0.81,car_14,306,201,395,293,no,0,0,0,0,0,
248,car,0.89,car_24,9,242,288,390,si,0.00,51,311,108,329,
249,car,0.88,car_1,436,211,658,424,si,0.10,508,317,584,341,W
249,car,0.79,car_14,310,201,395,293,no,0,0,0,0,0,
249,car,0.90,car_24,16,241,293,388,si,0.00,60,308,113,327,
250,car,0.88,car_1,436,211,658,424,si,0.10,507,317,584,341,W
250,car,0.79,car_14,311,200,396,292,no,0,0,0,0,0,
250,car,0.90,car_24,24,239,296,386,si,1.00,70,305,120,325,P
251,car,0.88,car_1,434,211,658,424,si,0.10,507,318,583,341,W
251,car,0.79,car_14,315,200,396,290,no,0,0,0,0,0,
251,car,0.89,car_24,30,239,299,382,si,1.00,75,304,126,322,P
252,car,0.88,car_1,434,210,659,424,si,0.09,507,318,583,341,W
252,car,0.79,car_14,316,200,397,287,no,0,0,0,0,0,
252,car,0.89,car_24,36,240,304,382,si,1.00,81,303,133,321,P
253,car,0.88,car_1,434,210,659,424,si,0.09,507,318,585,341,W
253,car,0.80,car_14,317,200,397,285,no,0,0,0,0,0,
253,car,0.89,car_24,47,240,308,380,si,1.00,88,300,141,319,P
254,car,0.87,car_1,435,210,659,423,si,0.09,507,317,590,342,W
254,car,0.82,car_14,318,200,398,284,no,0,0,0,0,0,
254,car,0.90,car_24,57,240,310,379,si,1.00,95,298,147,318,P
255,car,0.88,car_1,435,210,659,423,si,0.09,506,317,593,342,W
255,car,0.82,car_14,320,201,397,284,no,0,0,0,0,0,
255,car,0.87,car_24,64,240,311,378,si,1.00,102,299,153,316,P
256,car,0.88,car_1,434,211,659,423,si,0.09,506,317,603,343,W
256,car,0.82,car_14,324,201,399,284,no,0,0,0,0,0,
256,car,0.84,car_24,70,239,314,379,si,1.00,108,294,159,314,P
257,car,0.87,car_1,434,210,659,423,si,0.09,506,317,601,343,W
257,car,0.80,car_14,326,201,401,284,no,0,0,0,0,0,
257,car,0.84,car_24,77,238,315,378,si,1.00,114,293,163,314,P
258,car,0.87,car_1,435,211,659,423,si,0.09,506,316,610,343,W
258,car,0.81,car_14,327,201,404,283,no,0,0,0,0,0,
258,car,0.85,car_24,76,237,318,369,si,1.00,121,292,169,312,P
259,car,0.88,car_1,434,212,659,423,si,0.09,507,316,612,342,W
259,car,0.78,car_14,330,201,408,284,no,0,0,0,0,0,
259,car,0.86,car_24,80,234,320,364,si,1.00,127,291,174,310,P
260,car,0.87,car_1,434,213,659,422,si,0.09,507,316,613,342,W
260,car,0.79,car_14,331,202,410,283,no,0,0,0,0,0,
260,car,0.86,car_24,86,233,322,360,si,1.00,130,289,181,308,P
261,car,0.87,car_1,434,213,659,422,si,0.09,507,316,612,342,W
261,car,0.77,car_14,333,202,411,283,no,0,0,0,0,0,
261,car,0.84,car_24,94,233,324,358,si,1.00,139,289,185,307,P
262,car,0.87,car_1,434,214,659,422,si,0.09,507,316,611,341,W
262,car,0.76,car_14,336,201,411,283,no,0,0,0,0,0,
262,car,0.83,car_24,104,233,329,356,si,1.00,144,288,192,306,P
263,car,0.86,car_1,433,213,659,422,si,0.09,507,316,612,341,W
263,car,0.77,car_14,337,201,413,282,no,0,0,0,0,0,
263,car,0.83,car_24,105,231,329,354,si,1.00,151,287,195,305,P
264,car,0.85,car_1,434,212,658,422,si,0.09,506,315,617,341,W
264,car,0.79,car_14,339,201,414,281,no,0,0,0,0,0,
264,car,0.83,car_24,114,230,330,353,si,1.00,157,285,200,304,P
265,car,0.85,car_1,433,210,658,422,si,0.09,506,315,619,341,W
265,car,0.79,car_14,340,202,415,280,no,0,0,0,0,0,
265,car,0.81,car_24,126,231,331,352,si,1.00,163,283,205,301,P
266,car,0.86,car_1,434,210,657,422,si,0.09,506,315,620,341,W
266,car,0.79,car_14,341,201,417,280,no,0,0,0,0,0,
266,car,0.80,car_24,134,231,334,350,si,1.00,168,282,209,300,P
267,car,0.86,car_1,434,210,657,422,si,0.09,506,315,620,341,W
267,car,0.80,car_14,343,202,418,278,no,0,0,0,0,0,
267,car,0.84,car_24,139,231,337,349,si,1.00,174,282,215,299,P
268,car,0.87,car_1,433,210,657,422,si,0.09,505,315,615,341,W
268,car,0.81,car_14,346,202,420,276,no,0,0,0,0,0,
268,car,0.83,car_24,143,230,339,348,si,1.00,179,281,218,299,P
269,car,0.87,car_1,434,211,657,422,si,0.09,506,315,609,341,W
269,car,0.80,car_14,347,201,420,275,no,0,0,0,0,0,
269,car,0.83,car_24,147,231,342,343,si,1.00,183,279,224,297,P
270,car,0.87,car_1,433,212,657,422,si,0.09,506,315,599,341,W
270,car,0.78,car_14,349,201,421,273,no,0,0,0,0,0,
270,car,0.81,car_24,151,231,345,338,si,1.00,187,278,228,296,P
271,car,0.87,car_1,434,211,656,422,si,0.09,506,316,592,340,W
271,car,0.75,car_14,351,202,422,273,no,0,0,0,0,0,
271,car,0.83,car_24,158,230,348,337,si,1.00,192,276,232,293,P
272,car,0.87,car_1,434,212,656,423,si,1.00,505,316,617,341,B694CYV
272,car,0.70,car_14,354,202,422,272,no,0,0,0,0,0,
272,car,0.84,car_24,163,230,349,337,si,1.00,197,275,236,292,P
273,car,0.87,car_1,433,212,656,423,si,0.50,505,316,616,341,B694CYV
273,car,0.69,car_14,356,202,423,273,no,0,0,0,0,0,
273,car,0.81,car_24,166,229,351,336,si,1.00,202,274,240,290,P
274,car,0.87,car_1,432,214,656,423,si,0.33,504,316,618,341,B694CYV
274,car,0.71,car_14,357,202,428,272,no,0,0,0,0,0,
274,car,0.82,car_24,172,230,351,334,si,1.00,208,273,245,290,P
275,car,0.87,car_1,431,213,657,423,si,0.33,504,315,610,340,B694CYV
275,car,0.73,car_14,359,202,430,270,no,0,0,0,0,0,
275,car,0.82,car_24,177,229,353,334,si,1.00,209,272,250,289,P
276,car,0.87,car_1,431,212,657,423,si,0.33,503,315,607,341,B694CYV
276,car,0.74,car_14,359,201,431,270,no,0,0,0,0,0,
276,car,0.81,car_24,181,230,354,333,si,1.00,212,271,253,288,P
277,car,0.88,car_1,430,212,657,423,si,0.25,503,315,611,341,B694CYV
277,car,0.74,car_14,360,201,432,270,no,0,0,0,0,0,
277,car,0.80,car_24,186,230,357,332,si,1.00,216,270,257,287,P
278,car,0.88,car_1,430,212,656,422,si,0.20,502,315,607,340,B694CYV
278,car,0.72,car_14,360,201,431,269,no,0,0,0,0,0,
278,car,0.81,car_24,191,230,359,331,si,1.00,220,269,259,286,P
279,car,0.88,car_1,430,212,656,422,si,0.17,502,315,602,340,B694CYV
279,car,0.74,car_14,361,201,431,269,no,0,0,0,0,0,
279,car,0.82,car_24,197,230,360,329,si,1.00,225,268,263,285,P
280,car,0.88,car_1,431,212,655,422,si,0.17,503,315,592,340,B694CYV
280,car,0.75,car_14,364,200,430,269,no,0,0,0,0,0,
280,car,0.80,car_24,201,228,363,328,si,1.00,230,267,266,284,P
280,person,0.51,person_34,658,195,686,285,no,0,0,0,0,0,
281,car,0.88,car_1,431,212,655,422,no,0,0,0,0,0,
281,car,0.73,car_14,367,200,431,268,no,0,0,0,0,0,
281,car,0.81,car_24,205,228,363,325,si,1.00,234,267,269,283,P
281,person,0.48,person_34,658,195,685,286,no,0,0,0,0,0,
282,car,0.87,car_1,429,211,655,422,si,0.00,503,314,587,339,
282,car,0.67,car_14,370,200,431,268,no,0,0,0,0,0,
282,car,0.80,car_24,209,228,364,323,si,1.00,238,266,273,282,P
282,person,0.55,person_34,658,197,685,287,no,0,0,0,0,0,
283,car,0.87,car_1,427,210,655,422,si,0.00,503,314,597,340,
283,car,0.69,car_14,371,201,432,268,no,0,0,0,0,0,
283,car,0.82,car_24,212,228,365,321,si,1.00,242,265,275,281,P
283,person,0.58,person_34,657,196,685,289,no,0,0,0,0,0,
284,car,0.88,car_1,426,209,655,422,si,1.00,503,314,601,339,4
284,car,0.67,car_14,373,199,434,267,no,0,0,0,0,0,
284,car,0.82,car_24,217,228,366,319,si,1.00,244,265,279,280,P
284,person,0.56,person_34,657,195,685,290,no,0,0,0,0,0,
285,car,0.88,car_1,424,210,655,422,si,1.00,503,314,608,339,4
285,car,0.66,car_14,374,199,433,267,no,0,0,0,0,0,
285,car,0.82,car_24,220,229,367,317,si,1.00,248,264,283,279,P
285,person,0.52,person_34,656,195,684,291,no,0,0,0,0,0,
286,car,0.87,car_1,424,209,655,422,si,0.50,503,314,615,340,4
286,car,0.65,car_14,375,199,432,266,no,0,0,0,0,0,
286,car,0.82,car_24,224,228,369,317,si,1.00,250,263,286,278,P
286,person,0.41,person_34,656,195,684,286,no,0,0,0,0,0,
287,car,0.87,car_1,424,209,655,422,si,0.33,503,314,618,339,4
287,car,0.67,car_14,377,199,435,266,no,0,0,0,0,0,
287,car,0.82,car_24,228,226,371,316,si,1.00,253,262,289,276,P
287,person,0.48,person_34,656,196,683,283,no,0,0,0,0,0,
288,car,0.87,car_1,423,208,655,422,si,0.25,503,313,617,339,4
288,car,0.66,car_14,379,200,436,265,no,0,0,0,0,0,
288,car,0.82,car_24,231,224,373,315,si,0.50,258,261,292,276,P
288,person,0.47,person_34,656,196,683,284,no,0,0,0,0,0,
289,car,0.86,car_1,423,207,655,422,si,0.40,503,314,615,339,TC
289,car,0.66,car_14,380,200,437,265,no,0,0,0,0,0,
289,car,0.82,car_24,233,224,375,315,si,0.50,262,260,295,275,P
289,person,0.46,person_34,655,195,684,287,no,0,0,0,0,0,
290,car,0.85,car_1,421,206,655,422,si,0.33,503,313,609,339,TC
290,car,0.69,car_14,381,200,438,265,no,0,0,0,0,0,
290,car,0.85,car_24,237,222,376,313,si,0.50,265,260,297,274,P
290,person,0.43,person_34,655,195,684,290,no,0,0,0,0,0,
291,car,0.83,car_1,424,206,654,422,si,0.29,504,314,606,339,TC
291,car,0.67,car_14,382,200,439,265,no,0,0,0,0,0,
291,car,0.85,car_24,240,220,377,311,si,0.50,268,260,300,274,P
292,car,0.85,car_1,424,206,654,422,si,0.29,503,314,610,340,TC
292,car,0.68,car_14,382,200,439,264,no,0,0,0,0,0,
292,car,0.84,car_24,243,220,378,310,si,0.50,271,258,302,273,P
293,car,0.85,car_1,424,206,653,422,si,0.25,503,313,609,340,TC
293,car,0.66,car_14,382,201,440,263,no,0,0,0,0,0,
293,car,0.84,car_24,245,220,379,308,si,0.50,274,258,305,273,P
293,person,0.44,person_34,654,198,685,285,no,0,0,0,0,0,
294,car,0.84,car_1,423,206,654,422,si,0.22,503,313,614,340,TC
294,car,0.66,car_14,382,201,441,263,no,0,0,0,0,0,
294,car,0.79,car_24,248,221,380,306,si,0.50,277,258,308,272,P
294,person,0.46,person_34,654,199,685,284,no,0,0,0,0,0,
295,car,0.84,car_1,424,208,654,423,si,0.22,502,314,612,340,TC
295,car,0.65,car_14,384,200,442,262,no,0,0,0,0,0,
295,car,0.78,car_24,252,223,362,306,si,0.50,280,257,311,272,P
295,person,0.46,person_34,655,196,684,288,no,0,0,0,0,0,
296,car,0.85,car_1,425,209,654,423,si,0.20,502,314,609,340,TC
296,car,0.65,car_14,384,199,443,262,no,0,0,0,0,0,
296,car,0.78,car_24,255,223,356,305,si,0.50,283,257,313,271,P
296,person,0.47,person_34,654,198,685,286,no,0,0,0,0,0,
297,car,0.85,car_1,427,209,653,423,si,0.20,502,314,609,341,TC
297,car,0.65,car_14,385,199,444,262,no,0,0,0,0,0,
297,car,0.76,car_24,259,224,369,305,si,0.50,286,258,314,271,P
297,person,0.57,person_34,654,195,684,286,no,0,0,0,0,0,
298,car,0.86,car_1,427,210,654,424,si,0.18,502,314,620,342,TC
298,car,0.52,car_14,385,198,444,261,no,0,0,0,0,0,
298,car,0.77,car_24,262,222,380,303,si,0.33,289,257,316,270,P
298,person,0.53,person_34,654,195,684,289,no,0,0,0,0,0,
299,car,0.85,car_1,427,210,654,424,si,0.25,501,314,625,343,C
299,car,0.47,car_14,388,198,443,259,no,0,0,0,0,0,
299,car,0.76,car_24,265,223,385,300,si,0.33,292,256,319,270,P
299,person,0.48,person_34,654,195,684,292,no,0,0,0,0,0,
300,car,0.86,car_1,427,209,655,423,si,0.25,501,314,621,342,C
300,car,0.70,car_14,387,199,443,259,no,0,0,0,0,0,
300,car,0.78,car_24,267,222,387,297,si,0.33,295,257,323,269,P
300,person,0.42,person_34,653,197,684,286,no,0,0,0,0,0,
301,car,0.82,car_1,427,208,653,422,si,0.25,502,315,585,340,RGYV
301,car,0.61,car_14,389,199,441,258,no,0,0,0,0,0,
301,car,0.79,car_24,271,223,372,296,no,0,0,0,0,0,
301,person,0.45,person_34,653,197,682,291,no,0,0,0,0,0,
302,car,0.84,car_1,426,208,652,422,si,0.20,502,315,585,340,RGYV
302,car,0.65,car_14,389,199,441,257,no,0,0,0,0,0,
302,car,0.78,car_24,272,224,365,296,no,0,0,0,0,0,
303,car,0.85,car_1,424,208,652,422,si,0.17,502,315,585,340,RGYV
303,car,0.79,car_24,276,224,363,294,no,0,0,0,0,0,
303,person,0.44,person_34,652,200,682,285,no,0,0,0,0,0,
304,car,0.85,car_1,423,208,652,422,si,0.14,502,315,584,340,RGYV
304,car,0.81,car_24,278,224,364,293,no,0,0,0,0,0,
304,person,0.44,person_34,651,200,682,284,no,0,0,0,0,0,
305,car,0.84,car_1,423,207,652,422,si,0.12,502,314,585,340,RGYV
305,car,0.81,car_24,280,225,374,293,no,0,0,0,0,0,
305,person,0.45,person_34,651,200,682,283,no,0,0,0,0,0,
306,car,0.83,car_1,423,206,652,423,si,0.11,501,314,585,340,RGYV
306,car,0.79,car_24,282,224,382,293,no,0,0,0,0,0,
306,person,0.53,person_34,651,199,681,284,no,0,0,0,0,0,
307,car,0.83,car_1,424,205,653,423,si,0.20,501,314,586,340,G
307,car,0.78,car_24,286,223,380,293,no,0,0,0,0,0,
307,person,0.54,person_34,650,198,679,284,no,0,0,0,0,0,
308,car,0.85,car_1,424,205,653,423,si,0.18,501,314,586,340,G
308,car,0.78,car_24,288,223,381,292,no,0,0,0,0,0,
309,car,0.87,car_1,425,205,653,423,si,0.17,501,314,586,341,G
309,car,0.77,car_24,291,223,377,292,no,0,0,0,0,0,
309,car,0.62,car_14,392,198,447,255,no,0,0,0,0,0,
310,car,0.86,car_1,426,206,653,424,si,0.15,502,314,587,340,G
310,car,0.74,car_24,294,223,377,289,si,0.00,317,250,343,262,
310,car,0.54,car_14,393,198,447,254,no,0,0,0,0,0,
311,car,0.86,car_1,427,206,653,423,si,0.14,502,314,589,340,G
311,car,0.76,car_24,298,222,382,288,si,0.00,319,249,346,261,
311,car,0.74,car_14,394,198,448,254,no,0,0,0,0,0,
312,car,0.85,car_1,427,206,653,423,si,0.13,502,314,592,340,G
312,car,0.76,car_24,301,221,386,287,si,0.00,322,249,347,260,
312,car,0.73,car_14,395,198,448,253,no,0,0,0,0,0,
312,person,0.50,person_34,647,195,677,284,no,0,0,0,0,0,
313,car,0.83,car_1,425,205,652,423,si,0.13,502,313,592,340,G
313,car,0.76,car_24,303,221,383,287,no,0,0,0,0,0,
313,car,0.59,car_14,395,199,446,253,no,0,0,0,0,0,
313,person,0.58,person_34,646,195,676,284,no,0,0,0,0,0,
314,car,0.85,car_1,424,204,652,423,si,0.12,502,313,592,340,BG
314,car,0.76,car_24,305,219,382,287,no,0,0,0,0,0,
314,car,0.58,car_14,396,199,446,252,no,0,0,0,0,0,
314,person,0.59,person_34,645,195,675,284,no,0,0,0,0,0,
315,car,0.85,car_1,424,204,652,423,si,0.18,502,313,593,340,BG
315,car,0.74,car_24,308,218,384,286,no,0,0,0,0,0,
315,car,0.61,car_14,398,199,446,250,no,0,0,0,0,0,
315,person,0.62,person_34,644,195,674,285,no,0,0,0,0,0,
316,car,0.87,car_1,424,203,652,423,si,0.18,502,313,590,340,BG
316,car,0.73,car_24,310,217,386,285,no,0,0,0,0,0,
316,car,0.50,car_14,400,199,446,249,no,0,0,0,0,0,
316,person,0.60,person_34,643,196,674,285,no,0,0,0,0,0,
317,car,0.86,car_1,424,204,652,423,si,0.18,502,313,590,340,BG
317,car,0.74,car_24,311,217,392,284,no,0,0,0,0,0,
317,car,0.61,car_14,401,199,447,249,no,0,0,0,0,0,
317,person,0.62,person_34,643,195,674,285,no,0,0,0,0,0,
318,car,0.86,car_1,425,205,651,423,si,0.18,502,313,590,340,BG
318,car,0.73,car_24,312,215,391,284,no,0,0,0,0,0,
318,car,0.60,car_14,402,199,447,249,no,0,0,0,0,0,
318,person,0.66,person_34,642,195,673,286,no,0,0,0,0,0,
319,car,0.86,car_1,423,205,651,423,si,0.18,502,313,591,340,BG
319,car,0.72,car_24,315,216,392,283,no,0,0,0,0,0,
319,car,0.62,car_14,402,199,447,249,no,0,0,0,0,0,
319,person,0.62,person_34,642,195,673,285,no,0,0,0,0,0,
320,car,0.85,car_1,423,204,650,423,si,0.17,502,313,593,340,BG
320,car,0.74,car_24,316,216,393,283,no,0,0,0,0,0,
320,car,0.60,car_14,402,198,448,249,no,0,0,0,0,0,
320,person,0.67,person_34,642,196,672,286,no,0,0,0,0,0,
321,car,0.86,car_1,423,205,651,423,si,0.17,502,313,591,340,BG
321,car,0.74,car_24,318,217,396,283,no,0,0,0,0,0,
321,car,0.42,car_14,402,199,449,247,no,0,0,0,0,0,
321,person,0.59,person_34,642,197,671,288,no,0,0,0,0,0,
322,car,0.86,car_1,423,203,651,423,si,0.16,501,313,590,340,BG
322,car,0.76,car_24,320,217,401,282,no,0,0,0,0,0,
322,car,0.53,car_14,404,199,449,247,no,0,0,0,0,0,
322,person,0.67,person_34,641,197,670,288,no,0,0,0,0,0,
323,car,0.86,car_1,424,202,650,423,si,0.15,501,313,588,340,BG
323,car,0.76,car_24,321,218,399,282,no,0,0,0,0,0,
323,car,0.59,car_14,404,198,449,246,no,0,0,0,0,0,
323,person,0.58,person_34,641,198,670,288,no,0,0,0,0,0,
324,car,0.85,car_1,424,202,651,423,si,0.15,501,313,593,340,BG
324,car,0.76,car_24,323,218,397,281,no,0,0,0,0,0,
324,car,0.54,car_14,404,199,449,246,no,0,0,0,0,0,
324,person,0.43,person_34,642,198,669,288,no,0,0,0,0,0,
325,car,0.86,car_1,425,203,650,424,si,0.14,501,313,596,340,BG
325,car,0.76,car_24,324,219,395,280,no,0,0,0,0,0,
325,car,0.44,car_14,403,199,450,246,no,0,0,0,0,0,
325,person,0.50,person_34,641,198,668,290,no,0,0,0,0,0,
326,car,0.85,car_1,425,203,651,424,si,0.14,501,312,599,340,BG
326,car,0.72,car_24,327,220,395,278,no,0,0,0,0,0,
326,person,0.51,person_34,641,199,667,282,no,0,0,0,0,0,
327,car,0.85,car_1,426,204,651,424,si,0.13,500,312,594,340,BG
327,car,0.67,car_24,330,220,397,277,no,0,0,0,0,0,
328,car,0.85,car_1,427,206,651,424,si,0.13,500,312,590,340,BG
328,car,0.67,car_24,332,220,399,276,no,0,0,0,0,0,
328,person,0.40,person_34,641,197,668,273,no,0,0,0,0,0,
329,car,0.85,car_1,428,206,651,424,si,0.17,500,312,588,340,BG
329,car,0.67,car_24,334,220,399,276,no,0,0,0,0,0,
330,car,0.86,car_1,427,206,651,424,si,0.16,500,312,582,340,BG
330,car,0.67,car_24,335,219,403,276,no,0,0,0,0,0,
330,car,0.46,car_14,405,198,450,245,no,0,0,0,0,0,
330,person,0.52,person_34,639,196,667,272,no,0,0,0,0,0,
331,car,0.85,car_1,427,207,651,423,si,0.15,500,312,588,340,BG
331,car,0.67,car_24,336,219,405,276,no,0,0,0,0,0,
331,person,0.52,person_34,638,197,668,274,no,0,0,0,0,0,
332,car,0.85,car_1,425,204,644,423,si,0.15,500,312,591,340,BG
332,car,0.66,car_24,337,220,406,275,no,0,0,0,0,0,
332,car,0.49,car_14,405,198,449,243,no,0,0,0,0,0,
332,person,0.52,person_34,637,197,668,280,no,0,0,0,0,0,
333,car,0.86,car_1,425,204,648,423,si,0.14,500,312,591,340,BG
333,car,0.65,car_24,338,220,405,275,no,0,0,0,0,0,
333,car,0.55,car_14,404,199,449,243,no,0,0,0,0,0,
333,person,0.58,person_34,636,197,667,283,no,0,0,0,0,0,
334,car,0.85,car_1,423,203,650,423,si,0.14,500,312,592,340,BG
334,car,0.65,car_24,339,220,405,275,no,0,0,0,0,0,
334,car,0.54,car_14,405,198,449,243,no,0,0,0,0,0,
334,person,0.59,person_34,636,196,667,283,no,0,0,0,0,0,
335,car,0.87,car_1,423,203,651,423,si,0.13,499,312,585,340,BG
335,car,0.66,car_24,341,219,408,274,no,0,0,0,0,0,
335,car,0.56,car_14,406,198,449,243,no,0,0,0,0,0,
335,person,0.58,person_34,636,196,667,284,no,0,0,0,0,0,
336,car,0.86,car_1,423,202,651,423,si,0.13,499,312,581,339,BG
336,car,0.66,car_24,343,216,407,274,no,0,0,0,0,0,
336,car,0.52,car_14,407,198,449,243,no,0,0,0,0,0,
336,person,0.54,person_34,636,196,667,284,no,0,0,0,0,0,
337,car,0.86,car_1,422,203,651,423,si,0.13,499,312,581,339,BG
337,car,0.70,car_24,343,213,409,274,no,0,0,0,0,0,
337,car,0.62,car_14,408,198,449,243,no,0,0,0,0,0,
337,person,0.58,person_34,636,194,667,283,no,0,0,0,0,0,
338,car,0.87,car_1,421,203,651,423,si,0.13,499,312,584,340,BG
338,car,0.72,car_24,344,211,412,273,no,0,0,0,0,0,
338,car,0.53,car_14,409,197,450,244,no,0,0,0,0,0,
338,person,0.51,person_34,636,193,667,282,no,0,0,0,0,0,
339,car,0.87,car_1,421,203,651,423,si,0.13,499,312,588,339,BG
339,car,0.80,car_24,346,212,418,272,no,0,0,0,0,0,
339,car,0.50,car_14,409,197,451,244,no,0,0,0,0,0,
339,person,0.52,person_34,635,193,667,283,no,0,0,0,0,0,
340,car,0.87,car_1,420,204,651,423,si,0.12,499,312,593,339,BG
340,car,0.78,car_24,347,212,419,270,no,0,0,0,0,0,
340,car,0.52,car_14,409,196,452,244,no,0,0,0,0,0,
340,person,0.47,person_34,635,193,667,284,no,0,0,0,0,0,
341,car,0.87,car_1,419,203,650,423,si,0.12,499,312,590,339,BG
341,car,0.76,car_24,349,210,419,270,no,0,0,0,0,0,
341,car,0.49,car_14,409,197,452,244,no,0,0,0,0,0,
341,person,0.60,person_34,635,193,667,284,no,0,0,0,0,0,
342,car,0.87,car_1,418,204,650,423,si,0.12,499,312,584,339,BG
342,car,0.74,car_24,350,209,420,269,no,0,0,0,0,0,
342,car,0.52,car_14,410,197,452,243,no,0,0,0,0,0,
342,person,0.64,person_34,635,193,666,284,no,0,0,0,0,0,
343,car,0.86,car_1,417,204,649,422,si,0.12,499,312,585,339,BG
343,car,0.79,car_24,354,209,420,268,no,0,0,0,0,0,
343,car,0.45,car_14,411,196,451,243,no,0,0,0,0,0,
343,person,0.59,person_34,635,193,666,287,no,0,0,0,0,0,
344,car,0.87,car_1,416,202,649,423,si,0.12,498,312,580,339,BG
344,car,0.80,car_24,357,211,420,268,no,0,0,0,0,0,
344,car,0.52,car_14,411,197,451,242,no,0,0,0,0,0,
344,person,0.53,person_34,635,193,666,287,no,0,0,0,0,0,
345,car,0.87,car_1,416,202,648,422,si,0.11,498,312,580,339,BG
345,car,0.78,car_24,358,211,420,267,no,0,0,0,0,0,
345,car,0.51,car_14,411,197,451,242,no,0,0,0,0,0,
345,person,0.41,person_34,634,194,665,289,no,0,0,0,0,0,
346,car,0.86,car_1,416,201,648,422,si,0.11,497,312,586,339,BG
346,car,0.75,car_24,358,210,420,266,no,0,0,0,0,0,
346,car,0.53,car_14,411,197,450,241,no,0,0,0,0,0,
347,car,0.85,car_1,416,201,648,422,si,0.11,497,312,593,339,BG
347,car,0.77,car_24,359,209,419,266,no,0,0,0,0,0,
347,car,0.41,car_14,412,198,450,241,no,0,0,0,0,0,
348,car,0.85,car_1,417,201,647,422,si,0.11,497,312,585,339,BG
348,car,0.73,car_24,359,207,420,267,no,0,0,0,0,0,
349,car,0.86,car_1,417,202,647,422,si,0.11,497,312,584,340,BG
349,car,0.72,car_24,359,208,419,266,no,0,0,0,0,0,
349,car,0.43,car_14,413,198,450,239,no,0,0,0,0,0,
350,car,0.84,car_1,418,201,647,422,si,0.10,497,312,592,339,BG
350,car,0.75,car_24,360,208,418,265,no,0,0,0,0,0,
350,car,0.46,car_14,413,198,450,238,no,0,0,0,0,0,
350,person,0.50,person_34,633,196,662,286,no,0,0,0,0,0,
351,car,0.85,car_1,418,201,646,422,si,0.10,497,312,589,339,BG
351,car,0.76,car_24,361,208,418,265,no,0,0,0,0,0,
351,person,0.48,person_34,633,197,661,285,no,0,0,0,0,0,
352,car,0.85,car_1,418,202,647,422,si,0.10,498,312,591,339,BG
352,car,0.77,car_24,362,209,419,264,no,0,0,0,0,0,
352,person,0.60,person_34,633,197,661,284,no,0,0,0,0,0,
